# proj, module, test, fic, first, second, third, fourth, fifth
apache/incubator-dubbo,dubbo-filter/dubbo-filter-cache,com.alibaba.dubbo.cache.support.jcache.JCacheFactoryTest.testJCacheGetExpired,9f7306f98e725ff6b1a5956813a68842bc9e9089,903db35c605709806ef6a91831e5ea2a26a2e8a1,46c6ccb32d6ba9ac79f5b7478d84537a468a0de4,b9b98c83cf7e6e27caef3d7b65967f2e8394f762,0d002c348ed9307ae60ebe1e0808fb10874c4312,98626783ab0ff92a66d432d3c3959100ea88f0c7
apache/incubator-dubbo,dubbo-serialization/dubbo-serialization-fst,com.alibaba.dubbo.common.serialize.fst.FstObjectInputTest.testEmptyByteArrayForEmptyInput,6784375811518a200685e635ee51edc548629971,46c6ccb32d6ba9ac79f5b7478d84537a468a0de4,b9b98c83cf7e6e27caef3d7b65967f2e8394f762,0d002c348ed9307ae60ebe1e0808fb10874c4312,d29052904765d59e549286fc8545bf5b0e760048,6742d1cd0f47bf609d320474d9639324f54769f6
apache/incubator-dubbo,dubbo-common,com.alibaba.dubbo.common.threadlocal.InternalThreadLocalTest.testSize,3c6201cf1821d8e5f46573f6a2e204d7abfd9f18,71366d6f284acdeafdf5c9dae52f21e8311c0cad,f78f6d4fa2e600ec212371d5afdf4124fbfd46f0,04eacfeac7e4e25d3c2f0a2de12fa05708ee6b59,6f3fcabae5fc53bad69b65a20687d77e58ab0ee1,ddc1ea4149d3e6879be21a55981f4ccb5ad14920
apache/incubator-dubbo,dubbo-config/dubbo-config-api,com.alibaba.dubbo.config.AbstractInterfaceConfigTest.testCheckRegistry2,46c6ccb32d6ba9ac79f5b7478d84537a468a0de4,b9b98c83cf7e6e27caef3d7b65967f2e8394f762,080e8ef3dd7e3736a9ed83fdb34127726a614677,9e9e778e04aa95501e4ab9b49e8f927527e7e260,0d002c348ed9307ae60ebe1e0808fb10874c4312,98626783ab0ff92a66d432d3c3959100ea88f0c7
apache/incubator-dubbo,dubbo-config/dubbo-config-spring,com.alibaba.dubbo.config.spring.extension.SpringExtensionFactoryTest.testGetExtensionByType,5f5fecd68e209c79a7f9ac382b95296713c77bea,1b553fd8112c5be291e1a2fedd4279554040d6d3,fd7bab3cdf2650168e9eca625fd5311ffc7b1f5a,900ab0b28ccce6e2fed4c2f73679a936282a349f,259c07228c9fe14285c7101e7e2d070acdbfa5ce,db03f8c42b2cf33a9303233e31a4c9b8f88b836d
apache/incubator-dubbo,dubbo-config/dubbo-config-spring,com.alibaba.dubbo.config.spring.extension.SpringExtensionFactoryTest.testGetExtensionByTypeMultiple,5f5fecd68e209c79a7f9ac382b95296713c77bea,1b553fd8112c5be291e1a2fedd4279554040d6d3,fd7bab3cdf2650168e9eca625fd5311ffc7b1f5a,900ab0b28ccce6e2fed4c2f73679a936282a349f,259c07228c9fe14285c7101e7e2d070acdbfa5ce,db03f8c42b2cf33a9303233e31a4c9b8f88b836d
apache/incubator-dubbo,dubbo-cluster,org.apache.dubbo.rpc.cluster.support.AbstractClusterInvokerTest.testBindingAttachment,fcd1af81fd2fd6ad55c78f281d7b29feb10a006a,7500033b9d22e2162c5ab614d3233eb43aaeebd5,9c8f4e761951bfac0ad50e3bffe92824e5497a6d,e723ad3da5540b78bb7ccc31b0368ac110bbac45,b2ce7b2c10d57d232582a185d0877cc404b352ea,8879afac2508cf7dd9eb37dac11e17b64ff6377a
apache/incubator-dubbo,dubbo-cluster,org.apache.dubbo.rpc.cluster.support.ForkingClusterInvokerTest.testClearRpcContext,fcd1af81fd2fd6ad55c78f281d7b29feb10a006a,7500033b9d22e2162c5ab614d3233eb43aaeebd5,9c8f4e761951bfac0ad50e3bffe92824e5497a6d,e723ad3da5540b78bb7ccc31b0368ac110bbac45,b2ce7b2c10d57d232582a185d0877cc404b352ea,8879afac2508cf7dd9eb37dac11e17b64ff6377a
apache/incubator-dubbo,dubbo-rpc/dubbo-rpc-api,org.apache.dubbo.rpc.proxy.javassist.JavassistProxyFactoryTest.testGetInvoker,b055991b317f4e58d256721875a00c52fe415510,2c36be62d3ecd1d8fc6526cfffc83e7630110589,d2ae941502410fbbf937e654b25f1399eedd3fbf,137393c7a76e813f5108fd8e1e4a2ddb57207c38,c2710393e01973bcdc549192e0d25a80272ccc27,99a01d5709b9b11b708101243bbb7293cf780f0e
apache/incubator-dubbo,dubbo-rpc/dubbo-rpc-api,org.apache.dubbo.rpc.proxy.jdk.JdkProxyFactoryTest.testGetInvoker,b055991b317f4e58d256721875a00c52fe415510,2c36be62d3ecd1d8fc6526cfffc83e7630110589,d2ae941502410fbbf937e654b25f1399eedd3fbf,137393c7a76e813f5108fd8e1e4a2ddb57207c38,c2710393e01973bcdc549192e0d25a80272ccc27,99a01d5709b9b11b708101243bbb7293cf780f0e
ctco/cukes,cukes-http,lv.ctco.cukes.http.facade.HttpAssertionFacadeImplTest.shouldReturnBodyWhenEnabledAndNoMax,216a5da6690ce83a1db3694846b4b922b76611cf,7d6dc37feb9ad2b67c60c0193c2ceb6424bd6c8a,68e96a378c4d6fc32e7fd8c0c0434de6ea2bd7b4,8f8efd572550135db46d83cd0c9893b73a83ba52,ec7e0e6ae6951094dd72057d50b6b0bb46a76738,45b2d8f412bf3c044b0e3993ced8ab3a1f722da8
dropwizard/dropwizard,dropwizard-logging,io.dropwizard.logging.DefaultLoggingFactoryPrintErrorMessagesTest.testLogbackStatusPrinterPrintStreamIsRestoredToSystemOut,416bdaaf58674e77106ca5ee2f0388f3eef9cb9b,fd73b205641c394b85fce3528cc15dc7ce405b4a,2ffb9897e5e8b1f807c7d7da00df8b1937dd58d0,2cfdd6dc5bd390e3f5b1ef47d8f7e7fd9efd7fd9,b008298119ad2a636d1a52c6d5c425a23b80bc96,e92e607d1c680cc2ad7fcb0d1bd033f0bcef55cc
elasticjob/elastic-job-lite,elastic-job-lite/elastic-job-lite-core,com.dangdang.ddframe.job.lite.internal.election.ElectionListenerManagerTest.assertLeaderElectionWhenRemoveLeaderInstancePathWithAvailableServerButJobInstanceIsShutdown,c808c8e797af44f8fc0f64f331a40f940437fd3a,e5173841fddf854b2e515db0f310932de1fe869a,5f2674558c097384db4edca7c966818386b74e08,48cbc5d0e645657c055b2b06ce45de0d1fa3d1c2,ac100701e01649f28aac72a216219ab9d431792d,23ddd21073047b78fe3ec34340e3b5cbed7a9548
elasticjob/elastic-job-lite,elastic-job-lite/elastic-job-lite-core,com.dangdang.ddframe.job.lite.internal.failover.FailoverServiceTest.assertGetLocalFailoverItemsIfShutdown,c808c8e797af44f8fc0f64f331a40f940437fd3a,e5173841fddf854b2e515db0f310932de1fe869a,5f2674558c097384db4edca7c966818386b74e08,48cbc5d0e645657c055b2b06ce45de0d1fa3d1c2,ac100701e01649f28aac72a216219ab9d431792d,23ddd21073047b78fe3ec34340e3b5cbed7a9548
elasticjob/elastic-job-lite,elastic-job-lite/elastic-job-lite-core,com.dangdang.ddframe.job.lite.internal.instance.ShutdownListenerManagerTest.assertIsShutdownAlready,a000cd2ab2a1ddc41b57b7f8425aeb488abbba30,ecadd145516210c06f355a74115ec84c3b71ac23,e5173841fddf854b2e515db0f310932de1fe869a,5f2674558c097384db4edca7c966818386b74e08,48cbc5d0e645657c055b2b06ce45de0d1fa3d1c2,ac100701e01649f28aac72a216219ab9d431792d
elasticjob/elastic-job-lite,elastic-job-lite/elastic-job-lite-core,com.dangdang.ddframe.job.lite.internal.schedule.JobRegistryTest.assertGetCurrentShardingTotalCountIfNull,7e2505bcb04bdc1a9f4fcf824750bdab740e203a,40290685e7de07db03c2b8ab327cb412493a6460,c982264037f5fadf6cf5c52bd30d74b741c3c3e6,c13d9e03c43e2aed8c38705454509df7c74344ae,534c44e827a44e7141dbcb97f7853ebac307f239,bba756adfc7ea244aa089d0f7c62ed4e53d9ee80
fhoeben/hsac-fitnesse-fixtures,.,nl.hsac.fitnesse.fixture.slim.FileFixtureTest.testDelete,faff990caa1ea48b0be46bc2c02977d91e717e53,6beaaa8160c829889c28dc146b1f7510caf43628,7c7d4960f11b6863e458234522aa020c590665da,2e203c88ae382cfd492a4579c07af87f56e71a21,2c4220ec07b21b075dd4db1533f3a1bbee68d5d2,6878338d3899389856abe77c8488ab8a64530dba
hexagonframework/spring-data-ebean,.,org.springframework.data.ebean.repository.UserRepositoryIntegrationTest.deleteById,2d3515b0499850ca21e08a8d71bde2a00657a769,861e712b9125996b5e2b90a8b957eb466c69aa4b,123b98399836d67dac3ae8487aad9e6bf871bd03,231ed0621e457d7dd77ad60054500acb1a359c9a,0810e1fb3fdffd92435b036eb5630395756f9407,a8999df01873de8e9474fb785ae466424dd97eca
kevinsawicki/http-request,lib,com.github.kevinsawicki.http.HttpRequestTest.basicProxyAuthentication,cb9e021f13b840d91484b1abbd2b55687c3f055c,b6e6e215ec15d7f619ed841f011c17180abc49d2,b93c116c2c0ae18e96f1a31dc202579e12b854b9,d4d855cc788c3316d2f34459319ce13fdaad399b,6e77f07f967d2b1ab4c7ce19496ac8b355ec4ca7,2dcb446d414676b873c18f5d81f2ca7c3023833a
ktuukkan/marine-api,.,net.sf.marineapi.ais.event.AbstractAISMessageListenerTest.testBasicListenerWithUnexpectedMessage,3d8dff0ffb21973c59a896c3a1bd4498b5dcc9d2,4cc9f1696c925f655e78fef0452274ec477c2416,1e68f87bd1e81dfccca3f0d4e0b0ee8e370e5893,7e977d99aab5bafbe960a481837c81a608b82c36,d70106ac91db272929eef6a89292e75adf3e6e25,af2338d4d63cbe8de8e9726b38bc7efcea6ff2d1
ktuukkan/marine-api,.,net.sf.marineapi.ais.event.AbstractAISMessageListenerTest.testConstructor,3d8dff0ffb21973c59a896c3a1bd4498b5dcc9d2,4cc9f1696c925f655e78fef0452274ec477c2416,1e68f87bd1e81dfccca3f0d4e0b0ee8e370e5893,7e977d99aab5bafbe960a481837c81a608b82c36,d70106ac91db272929eef6a89292e75adf3e6e25,af2338d4d63cbe8de8e9726b38bc7efcea6ff2d1
ktuukkan/marine-api,.,net.sf.marineapi.ais.event.AbstractAISMessageListenerTest.testGenericsListenerDefaultConstructorThrows,3d8dff0ffb21973c59a896c3a1bd4498b5dcc9d2,4cc9f1696c925f655e78fef0452274ec477c2416,1e68f87bd1e81dfccca3f0d4e0b0ee8e370e5893,7e977d99aab5bafbe960a481837c81a608b82c36,d70106ac91db272929eef6a89292e75adf3e6e25,af2338d4d63cbe8de8e9726b38bc7efcea6ff2d1
ktuukkan/marine-api,.,net.sf.marineapi.ais.event.AbstractAISMessageListenerTest.testGenericsListener,3d8dff0ffb21973c59a896c3a1bd4498b5dcc9d2,4cc9f1696c925f655e78fef0452274ec477c2416,1e68f87bd1e81dfccca3f0d4e0b0ee8e370e5893,7e977d99aab5bafbe960a481837c81a608b82c36,d70106ac91db272929eef6a89292e75adf3e6e25,af2338d4d63cbe8de8e9726b38bc7efcea6ff2d1
ktuukkan/marine-api,.,net.sf.marineapi.ais.event.AbstractAISMessageListenerTest.testOnMessageWithExpectedMessage,3d8dff0ffb21973c59a896c3a1bd4498b5dcc9d2,4cc9f1696c925f655e78fef0452274ec477c2416,1e68f87bd1e81dfccca3f0d4e0b0ee8e370e5893,7e977d99aab5bafbe960a481837c81a608b82c36,d70106ac91db272929eef6a89292e75adf3e6e25,af2338d4d63cbe8de8e9726b38bc7efcea6ff2d1
ktuukkan/marine-api,.,net.sf.marineapi.ais.event.AbstractAISMessageListenerTest.testParametrizedConstructor,3d8dff0ffb21973c59a896c3a1bd4498b5dcc9d2,4cc9f1696c925f655e78fef0452274ec477c2416,1e68f87bd1e81dfccca3f0d4e0b0ee8e370e5893,7e977d99aab5bafbe960a481837c81a608b82c36,d70106ac91db272929eef6a89292e75adf3e6e25,af2338d4d63cbe8de8e9726b38bc7efcea6ff2d1
ktuukkan/marine-api,.,net.sf.marineapi.ais.event.AbstractAISMessageListenerTest.testSequenceListener,3d8dff0ffb21973c59a896c3a1bd4498b5dcc9d2,4cc9f1696c925f655e78fef0452274ec477c2416,1e68f87bd1e81dfccca3f0d4e0b0ee8e370e5893,7e977d99aab5bafbe960a481837c81a608b82c36,d70106ac91db272929eef6a89292e75adf3e6e25,af2338d4d63cbe8de8e9726b38bc7efcea6ff2d1
ktuukkan/marine-api,.,net.sf.marineapi.ais.event.AbstractAISMessageListenerTest.testSequenceListenerWithIncorrectOrder,3d8dff0ffb21973c59a896c3a1bd4498b5dcc9d2,4cc9f1696c925f655e78fef0452274ec477c2416,1e68f87bd1e81dfccca3f0d4e0b0ee8e370e5893,7e977d99aab5bafbe960a481837c81a608b82c36,d70106ac91db272929eef6a89292e75adf3e6e25,af2338d4d63cbe8de8e9726b38bc7efcea6ff2d1
ktuukkan/marine-api,.,net.sf.marineapi.ais.event.AbstractAISMessageListenerTest.testSequenceListenerWithMixedOrder,3d8dff0ffb21973c59a896c3a1bd4498b5dcc9d2,4cc9f1696c925f655e78fef0452274ec477c2416,1e68f87bd1e81dfccca3f0d4e0b0ee8e370e5893,7e977d99aab5bafbe960a481837c81a608b82c36,d70106ac91db272929eef6a89292e75adf3e6e25,af2338d4d63cbe8de8e9726b38bc7efcea6ff2d1
ktuukkan/marine-api,.,net.sf.marineapi.ais.parser.AISMessageFactoryTest.testCreate,b4afeed8b8b783384a200914959f8335a1c52432,4e1056b455e0138c7e366c4f4c349aa63cc7d2f0,6e4c489583ae662d2c9c82e552c263fbc8e0265d,4449ea4ab32fb58eb2b876784625902c5cc6f872,da4eb48c23ffac3b04d77875332a41618440a1f6,0caf4327b5344131ae9c6f3e0165e2563792ba08
ktuukkan/marine-api,.,net.sf.marineapi.ais.parser.AISMessageFactoryTest.testCreateWithIncorrectOrder,b4afeed8b8b783384a200914959f8335a1c52432,4e1056b455e0138c7e366c4f4c349aa63cc7d2f0,6e4c489583ae662d2c9c82e552c263fbc8e0265d,4449ea4ab32fb58eb2b876784625902c5cc6f872,da4eb48c23ffac3b04d77875332a41618440a1f6,0caf4327b5344131ae9c6f3e0165e2563792ba08
ktuukkan/marine-api,.,net.sf.marineapi.ais.parser.AISMessageFactoryTest.testCreateWithTwo,b4afeed8b8b783384a200914959f8335a1c52432,4e1056b455e0138c7e366c4f4c349aa63cc7d2f0,6e4c489583ae662d2c9c82e552c263fbc8e0265d,4449ea4ab32fb58eb2b876784625902c5cc6f872,da4eb48c23ffac3b04d77875332a41618440a1f6,0caf4327b5344131ae9c6f3e0165e2563792ba08
openpojo/openpojo,.,com.openpojo.issues.issue112.IssueTest.shouldNotFail,4d69e2cf1464f8361d02c6b0809c882802a9d209,1cdec2053024a8cfc6dabcc854149876ea68d206,a1dc1c3557b7f0fa81fc65251963c57c3c84811c,c44203b1a0ae05707e35d9662b8bf5757f2a18e5,b66d1d1967e02f4bd4216c6b9bfbf696efd09f55,d8766d5fdd6cb42b3ceaa03d63a3c942f74f8a9a
openpojo/openpojo,.,com.openpojo.validation.test.impl.SerializableTesterTest.shouldSkipOverNonSerializableClass,2ab65a575f4446dc6583b6ecb27494f15f85bb4f,a278d2e3e04a54628e6af2f822050618a29987a3,b8fc8033506ba26b547fff49cd3522561c613600,7c7ec01138e2bcb634cff708cf9ced8545621635,38c83c3242aac5da551566811b1937ee9912fd0f,aceb96d9b0a240ba0b17910e5e5a952272fc58c8
openpojo/openpojo,.,com.openpojo.validation.test.impl.GetterTesterTest.shouldSuccessfullyValidateEvenIfLoggingFails,a22bb1c5d7fe3cf7c6dbfe9cb797565c047b2d3f,8ce2f812e9c36f00f9441a175ccab0745d63e98c,4f9824edc5e574a1b3202ad8da62d9358f8dc4d7,4d69e2cf1464f8361d02c6b0809c882802a9d209,1cdec2053024a8cfc6dabcc854149876ea68d206,a1dc1c3557b7f0fa81fc65251963c57c3c84811c
openpojo/openpojo,.,com.openpojo.validation.test.impl.SetterTesterTest.shouldSuccessfullyValidateEvenIfLoggingFails,a22bb1c5d7fe3cf7c6dbfe9cb797565c047b2d3f,8ce2f812e9c36f00f9441a175ccab0745d63e98c,4f9824edc5e574a1b3202ad8da62d9358f8dc4d7,4d69e2cf1464f8361d02c6b0809c882802a9d209,1cdec2053024a8cfc6dabcc854149876ea68d206,a1dc1c3557b7f0fa81fc65251963c57c3c84811c
openpojo/openpojo,.,com.openpojo.validation.utils.ValidationHelperTest.shouldReportMissingASMProperly,92186a6f2974057582f53815d869219a58f5e792,2ee188af3d9f8977a8db85fc8b3414d01de2043a,f272b5615ff147b0747ef9a4fb700fd56252a691,a00cd0cf5951ea2b72db63153ac5f620d574821f,8ceefa492e84c20209bab9cf85940a83ea8082ea,b40cf1889b68c6fb0343926df39cf642686d297f
querydsl/querydsl,querydsl-hibernate-search,com.querydsl.hibernate.search.SearchQueryTest.singleResult,2c195ffa621b6382397342f72b9d2f530eb7ccfe,96c0cec7c2a0fc606cb583fafd009a338b965fe5,b12e2842dc0c2ec25e7e092718eb3fd610e976a8,00d5daf60a2c3ef4b44fcef5a12fe06870fca5e0,51b8f3f0c981c7acb61ece87c9343326d12cde72,d6295167f965a18eefb5a474035d244ea8fde59f
tbsalling/aismessages,.,dk.tbsalling.aismessages.nmea.NMEAMessageHandlerTest.canHandleFragmentedMessageReceived,12864f81c0668c31f68f4419d6ec65e541cefa8c,17cf79bcf3d9b14bef3653f2831ba27a0b3b2f98,af6cc25ad99b0407771639fcb2bf92fa01d15784,0d1f5ba0171848b836f66aa28563b8ba958c485f,b401389b27d04cee9178f117bbc6d65a034201da,aa98064d6d1b4387ccd1d6bf0b3fb66c9863f713
tbsalling/aismessages,.,dk.tbsalling.aismessages.nmea.NMEAMessageHandlerTest.canHandleUnfragmentedMessageReceived,12864f81c0668c31f68f4419d6ec65e541cefa8c,17cf79bcf3d9b14bef3653f2831ba27a0b3b2f98,af6cc25ad99b0407771639fcb2bf92fa01d15784,0d1f5ba0171848b836f66aa28563b8ba958c485f,b401389b27d04cee9178f117bbc6d65a034201da,aa98064d6d1b4387ccd1d6bf0b3fb66c9863f713
wikidata/wikidata-toolkit,wdtk-dumpfiles,org.wikidata.wdtk.dumpfiles.MwDumpFileProcessingTest.testMwDailyDumpFileProcessing,f7cb408741b6f8315da81235a96078d1fce9ee85,a36e6cd4663b1763658dadb0cde94eeaad6ded86,e233a5875de28cc0933b1bd961e4aa4b59def57d,b38c0198ce96e2000f6f62c87a17fc77e5829adc,9eae20a15369bb3e78f1546a699a78f013e3d0ea,bc85a9fbe76756736852765b58850efd0079321f
wikidata/wikidata-toolkit,wdtk-dumpfiles,org.wikidata.wdtk.dumpfiles.MwDumpFileProcessingTest.testMwMostRecentFullDumpFileProcessing,f7cb408741b6f8315da81235a96078d1fce9ee85,a36e6cd4663b1763658dadb0cde94eeaad6ded86,e233a5875de28cc0933b1bd961e4aa4b59def57d,b38c0198ce96e2000f6f62c87a17fc77e5829adc,9eae20a15369bb3e78f1546a699a78f013e3d0ea,bc85a9fbe76756736852765b58850efd0079321f
wikidata/wikidata-toolkit,wdtk-dumpfiles,org.wikidata.wdtk.dumpfiles.MwDumpFileProcessingTest.testMwRecentCurrentDumpFileProcessing,f7cb408741b6f8315da81235a96078d1fce9ee85,a36e6cd4663b1763658dadb0cde94eeaad6ded86,e233a5875de28cc0933b1bd961e4aa4b59def57d,b38c0198ce96e2000f6f62c87a17fc77e5829adc,9eae20a15369bb3e78f1546a699a78f013e3d0ea,bc85a9fbe76756736852765b58850efd0079321f
wikidata/wikidata-toolkit,wdtk-util,org.wikidata.wdtk.util.DirectoryManagerFactoryTest.createDefaultDirectoryManagerPath,539f5223d537f553dd19f5ceff65ed4a57135d33,2483affde49f0cd7bf7b9369bd81ce77380147fc,a36e6cd4663b1763658dadb0cde94eeaad6ded86,a24d297832d2f3251c671ec2bbe4e11ffa54186e,a9f676bfbc2df545d386bfa72e5130fa280521a9,8ef3f84d750426b1c6ac8849463846bd42651df1
wikidata/wikidata-toolkit,wdtk-util,org.wikidata.wdtk.util.DirectoryManagerFactoryTest.createDirectoryManagerIoException,539f5223d537f553dd19f5ceff65ed4a57135d33,2483affde49f0cd7bf7b9369bd81ce77380147fc,a36e6cd4663b1763658dadb0cde94eeaad6ded86,a24d297832d2f3251c671ec2bbe4e11ffa54186e,a9f676bfbc2df545d386bfa72e5130fa280521a9,8ef3f84d750426b1c6ac8849463846bd42651df1
wildfly/wildfly,naming,org.jboss.as.naming.WritableServiceBasedNamingStoreTestCase.testPermissions,c22e23116ec8ba25a81625c107f1982cd776b21e,f2d0248083ff995b6b8093e103ab314fd1395768,5b18386377423f1bfe432e8c568e0ec05eacb0e1,a6cb4df15ff80dcdd581a82847e074fee1359daa,d21ca5b471f8c7f2c817c68c8f0ba9a9d62825a4,09aec2e277e16527f006b195972ac3d3af40b7e5
wildfly/wildfly,naming,org.jboss.as.naming.InitialContextFactoryTestCase.testInitialFactory,c22e23116ec8ba25a81625c107f1982cd776b21e,f2d0248083ff995b6b8093e103ab314fd1395768,5b18386377423f1bfe432e8c568e0ec05eacb0e1,a6cb4df15ff80dcdd581a82847e074fee1359daa,d21ca5b471f8c7f2c817c68c8f0ba9a9d62825a4,09aec2e277e16527f006b195972ac3d3af40b7e5
wildfly/wildfly,naming,org.jboss.as.naming.InitialContextFactoryTestCase.testJavaContext,c22e23116ec8ba25a81625c107f1982cd776b21e,f2d0248083ff995b6b8093e103ab314fd1395768,5b18386377423f1bfe432e8c568e0ec05eacb0e1,a6cb4df15ff80dcdd581a82847e074fee1359daa,d21ca5b471f8c7f2c817c68c8f0ba9a9d62825a4,09aec2e277e16527f006b195972ac3d3af40b7e5
wildfly/wildfly,naming,org.jboss.as.naming.NamingContextTestCase.testListBindings,c22e23116ec8ba25a81625c107f1982cd776b21e,f2d0248083ff995b6b8093e103ab314fd1395768,5b18386377423f1bfe432e8c568e0ec05eacb0e1,a6cb4df15ff80dcdd581a82847e074fee1359daa,d21ca5b471f8c7f2c817c68c8f0ba9a9d62825a4,09aec2e277e16527f006b195972ac3d3af40b7e5
wildfly/wildfly,naming,org.jboss.as.naming.NamingContextTestCase.testCreateSubcontext,c22e23116ec8ba25a81625c107f1982cd776b21e,f2d0248083ff995b6b8093e103ab314fd1395768,5b18386377423f1bfe432e8c568e0ec05eacb0e1,a6cb4df15ff80dcdd581a82847e074fee1359daa,d21ca5b471f8c7f2c817c68c8f0ba9a9d62825a4,09aec2e277e16527f006b195972ac3d3af40b7e5
wildfly/wildfly,naming,org.jboss.as.naming.NamingContextTestCase.testListBindingsNameNotFound,c22e23116ec8ba25a81625c107f1982cd776b21e,f2d0248083ff995b6b8093e103ab314fd1395768,5b18386377423f1bfe432e8c568e0ec05eacb0e1,a6cb4df15ff80dcdd581a82847e074fee1359daa,d21ca5b471f8c7f2c817c68c8f0ba9a9d62825a4,09aec2e277e16527f006b195972ac3d3af40b7e5
wildfly/wildfly,naming,org.jboss.as.naming.NamingContextTestCase.testListBindingsWithContinuation,c22e23116ec8ba25a81625c107f1982cd776b21e,f2d0248083ff995b6b8093e103ab314fd1395768,5b18386377423f1bfe432e8c568e0ec05eacb0e1,a6cb4df15ff80dcdd581a82847e074fee1359daa,d21ca5b471f8c7f2c817c68c8f0ba9a9d62825a4,09aec2e277e16527f006b195972ac3d3af40b7e5
wildfly/wildfly,naming,org.jboss.as.naming.NamingContextTestCase.testListNameNotFound,c22e23116ec8ba25a81625c107f1982cd776b21e,f2d0248083ff995b6b8093e103ab314fd1395768,5b18386377423f1bfe432e8c568e0ec05eacb0e1,a6cb4df15ff80dcdd581a82847e074fee1359daa,d21ca5b471f8c7f2c817c68c8f0ba9a9d62825a4,09aec2e277e16527f006b195972ac3d3af40b7e5
wildfly/wildfly,naming,org.jboss.as.naming.NamingContextTestCase.testList,c22e23116ec8ba25a81625c107f1982cd776b21e,f2d0248083ff995b6b8093e103ab314fd1395768,5b18386377423f1bfe432e8c568e0ec05eacb0e1,a6cb4df15ff80dcdd581a82847e074fee1359daa,d21ca5b471f8c7f2c817c68c8f0ba9a9d62825a4,09aec2e277e16527f006b195972ac3d3af40b7e5
wildfly/wildfly,naming,org.jboss.as.naming.NamingContextTestCase.testListWithContinuation,c22e23116ec8ba25a81625c107f1982cd776b21e,f2d0248083ff995b6b8093e103ab314fd1395768,5b18386377423f1bfe432e8c568e0ec05eacb0e1,a6cb4df15ff80dcdd581a82847e074fee1359daa,d21ca5b471f8c7f2c817c68c8f0ba9a9d62825a4,09aec2e277e16527f006b195972ac3d3af40b7e5
wildfly/wildfly,naming,org.jboss.as.naming.NamingContextTestCase.testLookupEmptyName,c22e23116ec8ba25a81625c107f1982cd776b21e,f2d0248083ff995b6b8093e103ab314fd1395768,5b18386377423f1bfe432e8c568e0ec05eacb0e1,a6cb4df15ff80dcdd581a82847e074fee1359daa,d21ca5b471f8c7f2c817c68c8f0ba9a9d62825a4,09aec2e277e16527f006b195972ac3d3af40b7e5
wildfly/wildfly,naming,org.jboss.as.naming.NamingContextTestCase.testLookupNameNotFound,c22e23116ec8ba25a81625c107f1982cd776b21e,f2d0248083ff995b6b8093e103ab314fd1395768,5b18386377423f1bfe432e8c568e0ec05eacb0e1,a6cb4df15ff80dcdd581a82847e074fee1359daa,d21ca5b471f8c7f2c817c68c8f0ba9a9d62825a4,09aec2e277e16527f006b195972ac3d3af40b7e5
wildfly/wildfly,naming,org.jboss.as.naming.NamingContextTestCase.testRebindReferenceable,c22e23116ec8ba25a81625c107f1982cd776b21e,f2d0248083ff995b6b8093e103ab314fd1395768,5b18386377423f1bfe432e8c568e0ec05eacb0e1,a6cb4df15ff80dcdd581a82847e074fee1359daa,d21ca5b471f8c7f2c817c68c8f0ba9a9d62825a4,09aec2e277e16527f006b195972ac3d3af40b7e5
wildfly/wildfly,naming,org.jboss.as.naming.NamingEventCoordinatorTestCase.testFireMultiLevelEvent,c22e23116ec8ba25a81625c107f1982cd776b21e,f2d0248083ff995b6b8093e103ab314fd1395768,5b18386377423f1bfe432e8c568e0ec05eacb0e1,a6cb4df15ff80dcdd581a82847e074fee1359daa,d21ca5b471f8c7f2c817c68c8f0ba9a9d62825a4,09aec2e277e16527f006b195972ac3d3af40b7e5
wildfly/wildfly,naming,org.jboss.as.naming.NamingEventCoordinatorTestCase.testFireObjectEvent,c22e23116ec8ba25a81625c107f1982cd776b21e,f2d0248083ff995b6b8093e103ab314fd1395768,5b18386377423f1bfe432e8c568e0ec05eacb0e1,a6cb4df15ff80dcdd581a82847e074fee1359daa,d21ca5b471f8c7f2c817c68c8f0ba9a9d62825a4,09aec2e277e16527f006b195972ac3d3af40b7e5
wildfly/wildfly,naming,org.jboss.as.naming.ObjectFactoryTestCase.testBindAndRetrieveObjectFactoryFromInitialContext,c22e23116ec8ba25a81625c107f1982cd776b21e,f2d0248083ff995b6b8093e103ab314fd1395768,5b18386377423f1bfe432e8c568e0ec05eacb0e1,a6cb4df15ff80dcdd581a82847e074fee1359daa,d21ca5b471f8c7f2c817c68c8f0ba9a9d62825a4,09aec2e277e16527f006b195972ac3d3af40b7e5
wildfly/wildfly,naming,org.jboss.as.naming.ObjectFactoryTestCase.testBindAndRetrieveObjectFactoryFromNamingContext,c22e23116ec8ba25a81625c107f1982cd776b21e,f2d0248083ff995b6b8093e103ab314fd1395768,5b18386377423f1bfe432e8c568e0ec05eacb0e1,a6cb4df15ff80dcdd581a82847e074fee1359daa,d21ca5b471f8c7f2c817c68c8f0ba9a9d62825a4,09aec2e277e16527f006b195972ac3d3af40b7e5
wildfly/wildfly,naming,org.jboss.as.naming.subsystem.NamingSubsystemTestCase.testCompositeBindingOps,c22e23116ec8ba25a81625c107f1982cd776b21e,f2d0248083ff995b6b8093e103ab314fd1395768,5b18386377423f1bfe432e8c568e0ec05eacb0e1,a6cb4df15ff80dcdd581a82847e074fee1359daa,d21ca5b471f8c7f2c817c68c8f0ba9a9d62825a4,09aec2e277e16527f006b195972ac3d3af40b7e5
wildfly/wildfly,naming,org.jboss.as.naming.subsystem.NamingSubsystemTestCase.testCompositeBindingUpdate,c22e23116ec8ba25a81625c107f1982cd776b21e,f2d0248083ff995b6b8093e103ab314fd1395768,5b18386377423f1bfe432e8c568e0ec05eacb0e1,a6cb4df15ff80dcdd581a82847e074fee1359daa,d21ca5b471f8c7f2c817c68c8f0ba9a9d62825a4,09aec2e277e16527f006b195972ac3d3af40b7e5
wildfly/wildfly,naming,org.jboss.as.naming.subsystem.NamingSubsystemTestCase.testOnlyExternalContextAllowsCache,c22e23116ec8ba25a81625c107f1982cd776b21e,f2d0248083ff995b6b8093e103ab314fd1395768,5b18386377423f1bfe432e8c568e0ec05eacb0e1,a6cb4df15ff80dcdd581a82847e074fee1359daa,d21ca5b471f8c7f2c817c68c8f0ba9a9d62825a4,09aec2e277e16527f006b195972ac3d3af40b7e5
wildfly/wildfly,naming,org.jboss.as.naming.subsystem.NamingSubsystemTestCase.testRejectionsEAP6,c22e23116ec8ba25a81625c107f1982cd776b21e,f2d0248083ff995b6b8093e103ab314fd1395768,5b18386377423f1bfe432e8c568e0ec05eacb0e1,a6cb4df15ff80dcdd581a82847e074fee1359daa,d21ca5b471f8c7f2c817c68c8f0ba9a9d62825a4,09aec2e277e16527f006b195972ac3d3af40b7e5
wildfly/wildfly,naming,org.jboss.as.naming.subsystem.NamingSubsystemTestCase.testRejectionsEAP7,c22e23116ec8ba25a81625c107f1982cd776b21e,f2d0248083ff995b6b8093e103ab314fd1395768,5b18386377423f1bfe432e8c568e0ec05eacb0e1,a6cb4df15ff80dcdd581a82847e074fee1359daa,d21ca5b471f8c7f2c817c68c8f0ba9a9d62825a4,09aec2e277e16527f006b195972ac3d3af40b7e5
zalando/riptide,riptide-spring-boot-starter,org.zalando.riptide.spring.metrics.MetricsTest.shouldRecordRequests,08442067c28edac82cc4a0a0bcc71c423c825600,639890c00c1800348ed9d0245a0005febf7783e4,dec55f1dd13a8a410dffdc0dc15af785361a11e6,911f71698fbac709d25a4e06616370f9d64ff9c5,1ece5c4280cf5556963c42d0c8242977e896ed4b,9a2fe96ed4cef7938a0fbb71955536979d72f000
